NO;TGL SJ;NOPOL;NO BSTK;NAMA DEALER;KOTA;RANGE;HARGA @;QTY REG;QTY PCX;JUMLAH (RP);SUBSIDI;TOT SUBS;TOT QTY;NAMA EKSPEDISI;JENIS TRUK;KET1;KET2;KET3;CEK TARIF;CEK PERKALIAN;CEK NOPOL;CEK KODE DEALER;KET EROR;;? RINGKASAN PENGECEKAN;
;;;;;;;;;;;;;;;;;;;;;;;;;No. Invoice;276/PT-TM/H/V/2026
;;PT TUNAS MUDA;;;;;;;;;;;;;;;;;;;;;;;Tanggal;30 May 2026
;;Jl. Raya Pegangsaan Dua No. 88 B;;;;;;;;;;;;;;;;;;;;;;;Customer;PT ASTRA INTERNATIONAL Tbk - HSO Yogyakarta
;;Jakarta Utara 14250;;;;;;;;;;;;;;;;;;;;;;;Alamat Baris 1;Jl. Raya Magelang KM. 7,2 Yogyakarta 55285
;;Tlp. (021) 4618826;;;;;;;;;;;;;;;;;;;;;;;Alamat Baris 2;
;;;;;;;;;;;;;;;;;;;;;;;;;Alamat Baris 3;
;;;;;;;;;;;;;;;;;;;;;;;;;Up;U.P. Bapak Enjang
INVOICE;;;;;;;;;;;;;;;;;;;;;;;;;Kota Terdeteksi;YOGYAKARTA
Kepada Yth :;;;;;;;;;;;;;;;;;;;;;;;;;Format Invoice;276/PT-TM/H/V/2026
PT ASTRA INTERNATIONAL Tbk - HSO Yogyakarta;;;;;;;;;;;;No.;276/PT-TM/H/V/2026;;;;;;;;;;;;Cek Romawi;
Jl. Raya Magelang KM. 7,2 Yogyakarta 55285;;;;;;;;;;;;Tanggal;46172;;;;;;;;;;;;Cek No.Urut;
;;;;;;;;;;;;;;;;;;;;;;;;;Cek Bulan SJ;
U.P. Bapak Enjang;;;;;;;;;;;;;;;;;;;;;;;;;Dicek pada;11 Jun 2026 14:15
;;;;;;;;;;;;;;;;;;;;;;;;;Cek Terbilang;
;;;;;;;;;;;;;;;;;;;;;;;;;Cek Keterangan;
No.;TGL SJ;NOPOL;NO BSTK;NAMA DEALER;KOTA;RANGE;HARGA;QTY REGULER;QTY PCX/CBR;JUMLAH (RP);SUBSIDI LIFT;TOTAL SUBSIDI;TOTAL QTY;NAMA EKSPEDISI;KET;;;;;;;;;;;
1;18-May-26;B 9881 UVY;3071329188;HSO KALIURANG;YOGYAKARTA;RANGE 1;19300;21;;405300;18000;378000;21;PT.TUNAS MUDA;CDD STD;;;;? OK;? OK;? OK;0;;;??????????????????;
2;18-May-26;B 9014 UVZ;3064069760;CV UTAMA MOTOR SENTOSA;YOGYAKARTA;RANGE 1;19300;21;1;443900;18000;396000;22;PT.TUNAS MUDA;CDD STD;;;;? OK;? OK;? OK;0;;;REKAP GRAND TOTAL;
3;18-May-26;B 9963 UIO;3064069756;PT DAYA ANUGRAH M;SLEMAN;RANGE 1;19300;4;1;115800;18000;90000;5;PT.TUNAS MUDA;CDD STD;;;;? OK;? OK;? OK;0;;;Total Unit REG;1,279
4;19-May-26;B 9963 UIO;3064070390;CV CAHAYA BA ;MUNTILAN;RANGE 1;19300;5;;96500;18000;90000;5;PT.TUNAS MUDA;CDD STD;;;;? OK;? OK;? OK;0;;;Total Unit PCX/CBR;192
;19-May-26;B 9963 UIO;3071329489;HSO JOMBOR;YOGYAKARTA;RANGE 1;19300;6;;115800;18000;108000;6;PT.TUNAS MUDA;CDD STD;;;;? OK;? OK;? OK;0;;;Total QTY;1,471
5;20-May-26;B 9960 UIO;3064070830;PT ARMADA TUNAS JAYA;MUNTILAN;RANGE 1;19300;1;;19300;18000;18000;1;PT.TUNAS MUDA;CDD STD;;;;? OK;? OK;? OK;0;;;Total Jumlah (Rp);57,799,400
6;20-May-26;B 9967 UIO;3064070785;PT NAGAMAS;SLEMAN;RANGE 1;19300;2;1;77200;18000;54000;3;PT.TUNAS MUDA;CDD STD;;;;? OK;? OK;? OK;0;;;Total Subsidi (Rp);26,478,000
;20-May-26;B 9967 UIO;3064070787;PT DAYA ANUGRAH M;SLEMAN;RANGE 1;19300;1;1;57900;18000;36000;2;PT.TUNAS MUDA;CDD STD;;;;? OK;? OK;? OK;0;;;;
;20-May-26;B 9967 UIO;3071329754;HSO BANTUL;YOGYAKARTA;RANGE 1;19300;2;2;115800;18000;72000;4;PT.TUNAS MUDA;CDD STD;;;;? OK;? OK;? OK;0;;;??????????????????;
7;21-May-26;B 9922 UIO;3064071397;CV CAHAYA BA ;MUNTILAN;RANGE 1;19300;2;;38600;18000;36000;2;PT.TUNAS MUDA;CDD STD;;;;? OK;? OK;? OK;0;;;HASIL CEK KESELURUHAN;
8;22-May-26;B 9923 UIO;3071330263;HSO JOMBOR;YOGYAKARTA;RANGE 1;19300;6;2;193000;18000;144000;8;PT.TUNAS MUDA;CDD STD;;;;? OK;? OK;? OK;0;;;Total Baris Data;321
;22-May-26;B 9923 UIO;3064071753;CV CAHAYA BA ;MUNTILAN;RANGE 1;19300;2;;38600;18000;36000;2;PT.TUNAS MUDA;CDD STD;;;;? OK;? OK;? OK;0;;;Baris OK ?;321
9;23-May-26;B 9967 UIO;3064072175;PT NAGAMAS;SLEMAN;RANGE 1;19300;6;;115800;18000;108000;6;PT.TUNAS MUDA;CDD STD;;;;? OK;? OK;? OK;0;;;Baris Error ?;0
;23-May-26;B 9967 UIO;3064072190;PT DAYA ANUGRAH M;SLEMAN;RANGE 1;19300;3;;57900;18000;54000;3;PT.TUNAS MUDA;CDD STD;;;;? OK;? OK;? OK;0;;;Persentase OK;100.0%
10;25-May-26;B 9922 UIO;3064072649;PT ARMADA TUNAS JAYA;MUNTILAN;RANGE 1;19300;6;1;154400;18000;126000;7;PT.TUNAS MUDA;CDD STD;;;;? OK;? OK;? OK;0;;;;
;25-May-26;B 9922 UIO;3064072651;CV CAHAYA BA ;MUNTILAN;RANGE 1;19300;5;;96500;18000;90000;5;PT.TUNAS MUDA;CDD STD;;;;? OK;? OK;? OK;0;;;??????????????????;
11;25-May-26;B 9005 UVZ;3064072492;CV CAHAYA  ;YOGYAKARTA;RANGE 1;19300;1;;19300;18000;18000;1;PT.TUNAS MUDA;CDD STD;;;;? OK;? OK;? OK;0;;;TARIF REFERENSI (YGY);
12;26-May-26;B 9967 UIO;3064072966;CV CENDANA MAKMUR;BANTUL;RANGE 1;19300;6;3;231600;18000;162000;9;PT.TUNAS MUDA;CDD STD;;;;? OK;? OK;? OK;0;;;RANGE 1;Rp 19,300.0 | PCX Rp 38,600.0 | Sub Rp 18,000.0
;26-May-26;B 9967 UIO;3064072985;CV CAHAYA;YOGYAKARTA;RANGE 1;19300;3;;57900;18000;54000;3;PT.TUNAS MUDA;CDD STD;;;;? OK;? OK;? OK;0;;;RANGE 2;Rp 26,800.0 | PCX Rp 53,600.0 | Sub Rp 18,000.0
;26-May-26;B 9967 UIO;3071330907;HSO BANTUL 2;BANTUL;RANGE 1;19300;7;3;250900;18000;180000;10;PT.TUNAS MUDA;CDD STD;;;;? OK;? OK;? OK;0;;;RANGE 3;Rp 42,300.0 | PCX Rp 84,600.0 | Sub Rp 18,000.0
13;26-May-26;B 9966 UIO;3064072989;PT NUSANTARA SAKTI;YOGYAKARTA;RANGE 1;19300;3;3;173700;18000;108000;6;PT.TUNAS MUDA;CDD STD;;;;? OK;? OK;? OK;0;;;RANGE 4;Rp 47,300.0 | PCX Rp 94,600.0 | Sub Rp 18,000.0
14;29-May-26;B 9881 UVY;3071331421;HSO JOMBOR;YOGYAKARTA;RANGE 1;19300;19;2;443900;18000;378000;21;PT.TUNAS MUDA;CDD STD;;;;? OK;? OK;? OK;0;;;;
15;29-May-26;B 9963 UIO;3071331420;HSO JOMBOR;YOGYAKARTA;RANGE 1;19300;20;1;424600;18000;378000;21;PT.TUNAS MUDA;CDD STD;;;;? OK;? OK;? OK;0;;;;
16;29-May-26;B 9966 UIO;3064073939;CV UTAMA MOTOR SENTOSA;YOGYAKARTA;RANGE 1;19300;21;;405300;18000;378000;21;PT.TUNAS MUDA;CDD STD;;;;? OK;? OK;? OK;0;;;;
17;29-May-26;B 9910 UIO;3071331459;HSO BANTUL 1;BANTUL;RANGE 1;19300;22;;424600;18000;396000;22;PT.TUNAS MUDA;CDD STD;;;;? OK;? OK;? OK;0;;;;
18;29-May-26;B 9923 UIO;3064073989;PT SUMBER PS;SLEMAN;RANGE 1;19300;7;;135100;18000;126000;7;PT.TUNAS MUDA;CDD STD;;;;? OK;? OK;? OK;0;;;;
;29-May-26;B 9923 UIO;3064073990;PT TUNAS DWIPA;SLEMAN;RANGE 1;19300;7;;135100;18000;126000;7;PT.TUNAS MUDA;CDD STD;;;;? OK;? OK;? OK;0;;;;
;29-May-26;B 9923 UIO;3064073992;PT DAYA ANUGRAH M;SLEMAN;RANGE 1;19300;8;;154400;18000;144000;8;PT.TUNAS MUDA;CDD STD;;;;? OK;? OK;? OK;0;;;;
19;29-May-26;B 9963 UIO;3064074085;ABC KALASAN;YOGYAKARTA;RANGE 1;19300;4;;77200;18000;72000;4;PT.TUNAS MUDA;CDD STD;;;;? OK;? OK;? OK;0;;;;
;;;TOTAL;;;;;221;21;5075900;;4356000;242;;;;;;;;;;;;;
Perincian Range 1:;;;;;;;;? OK;? OK;? OK;;? OK;? OK;;;;;;;;;;;;;
TYPE;;UNIT;TARIF;JUMLAH;;;;;;;;;;;;;;;;;;;;;;
REG;;221;19300;4265300;;;;;;;;;;;;;;;? OK;? OK;0;0;;;;
PCX/CBR;;21;38600;810600;;;;;;;;;;;;;;;? OK;? OK;0;0;;;;
SUBSIDI;;242;18000;4356000;;;;;;;;;;;;;;;? OK;? OK;0;0;;;;
;;;TOTAL;9431900;;;;;;;;;;;;;;;;;;;;;;
;;;;;;;;;;;;;;;;;;;;;;;;;;
1;46158;B 9923 UIO;3064069408;PT TUNGGUL;TEMANGGUNG;RANGE 2;26800;2;;53600;18000;36000;2;PT.TUNAS MUDA;CDD STD;;;;? OK;? OK;? OK;0;;;;
2;;B 9960 UIO;3064069399;CV PANDEAN BM;KULONPROGO;RANGE 2;26800;2;;53600;18000;36000;2;PT.TUNAS MUDA;CDD STD;;;;? OK;? OK;? OK;0;;;;
;;;3064069425;PT NUSANTARA SAKTI;PURWOREJO;RANGE 2;26800;8;1;268000;18000;162000;9;PT.TUNAS MUDA;CDD STD;;;;? OK;? OK;? OK;0;;;;
;;;3064069431;CV PANDEAN BM;PURWOREJO;RANGE 2;26800;4;;107200;18000;72000;4;PT.TUNAS MUDA;CDD STD;;;;? OK;? OK;? OK;0;;;;
;;;3071328997;HSO WATES;KULONPROGO;RANGE 2;26800;5;1;187600;18000;108000;6;PT.TUNAS MUDA;CDD STD;;;;? OK;? OK;? OK;0;;;;
3;;B 9922 UIO;3064069430;PT ARMADA TUNAS JAYA;TEMANGGUNG;RANGE 2;26800;3;;80400;18000;54000;3;PT.TUNAS MUDA;CDD STD;;;;? OK;? OK;? OK;0;;;;
;;;3064069415;PT ARMADA TUNAS JAYA;MAGELANG;RANGE 2;26800;7;;187600;18000;126000;7;PT.TUNAS MUDA;CDD STD;;;;? OK;? OK;? OK;0;;;;
;;;3064069417;PT NUSANTARA SAKTI;MAGELANG;RANGE 2;26800;6;;160800;18000;108000;6;PT.TUNAS MUDA;CDD STD;;;;? OK;? OK;? OK;0;;;;
;;;3071329006;HSO;MAGELANG;RANGE 2;26800;5;;134000;18000;90000;5;PT.TUNAS MUDA;CDD STD;;;;? OK;? OK;? OK;0;;;;
4;46160;B 9910 UIO;3064069845;PT NUSANTARA SAKTI;MAGELANG;RANGE 2;26800;17;3;616400;18000;360000;20;PT.TUNAS MUDA;CDD STD;;;;? OK;? OK;? OK;0;;;;
;;;3071329238;HSO;MAGELANG;RANGE 2;26800;2;;53600;18000;36000;2;PT.TUNAS MUDA;CDD STD;;;;? OK;? OK;? OK;0;;;;
5;;B 9908 UIO;3071329218;HSO WATES;KULONPROGO;RANGE 2;26800;8;3;375200;18000;198000;11;PT.TUNAS MUDA;CDD STD;;;;? OK;? OK;? OK;0;;;;
6;;B 9963 UIO;3064069854;CV CENDANA PS;PURWOREJO;RANGE 2;26800;12;;321600;18000;216000;12;PT.TUNAS MUDA;CDD STD;;;;? OK;? OK;? OK;0;;;;
;;;3064069785;CV PANDEAN BM;KULONPROGO;RANGE 2;26800;5;;134000;18000;90000;5;PT.TUNAS MUDA;CDD STD;;;;? OK;? OK;? OK;0;;;;
7;;B 9881 UVY;3064069824;CV CENDANA MULIA;TEMANGGUNG;RANGE 2;26800;13;1;402000;18000;252000;14;PT.TUNAS MUDA;CDD STD;;;;? OK;? OK;? OK;0;;;;
;;;3064069829;PT TUNGGUL;TEMANGGUNG;RANGE 2;26800;3;;80400;18000;54000;3;PT.TUNAS MUDA;CDD STD;;;;? OK;? OK;? OK;0;;;;
;;;3064069843;PT ARMADA TUNAS JAYA;TEMANGGUNG;RANGE 2;26800;2;;53600;18000;36000;2;PT.TUNAS MUDA;CDD STD;;;;? OK;? OK;? OK;0;;;;
;;;3071329240;HSO;MAGELANG 2;RANGE 2;26800;2;1;107200;18000;54000;3;PT.TUNAS MUDA;CDD STD;;;;? OK;? OK;? OK;0;;;;
8;46161;B 9915 UVY;3071329536;HSO;PURWOREJO;RANGE 2;26800;5;2;241200;18000;126000;7;PT.TUNAS MUDA;CDD STD;;;;? OK;? OK;? OK;0;;;;
;;;3064070399;CV PANDEAN BM;PURWOREJO;RANGE 2;26800;3;;80400;18000;54000;3;PT.TUNAS MUDA;CDD STD;;;;? OK;? OK;? OK;0;;;;
9;;B 9910 UIO;3064070418;CV CENDANA MULIA;TEMANGGUNG;RANGE 2;26800;3;;80400;18000;54000;3;PT.TUNAS MUDA;CDD STD;;;;? OK;? OK;? OK;0;;;;
10;;B 9963 UIO;3064070388;PT ARMADA TUNAS JAYA;MAGELANG;RANGE 2;26800;4;;107200;18000;72000;4;PT.TUNAS MUDA;CDD STD;;;;? OK;? OK;? OK;0;;;;
;;;3071329531;HSO;MAGELANG;RANGE 2;26800;5;;134000;18000;90000;5;PT.TUNAS MUDA;CDD STD;;;;? OK;? OK;? OK;0;;;;
;;;3071329532;HSO;MAGELANG 2;RANGE 2;26800;3;;80400;18000;54000;3;PT.TUNAS MUDA;CDD STD;;;;? OK;? OK;? OK;0;;;;
11;46162;B 9960 UIO;3071329772;HSO;MAGELANG 2;RANGE 2;26800;7;1;241200;18000;144000;8;PT.TUNAS MUDA;CDD STD;;;;? OK;? OK;? OK;0;;;;
12;;B 9967 UIO;3064070833;PT NUSANTARA SAKTI;PURWOREJO;RANGE 2;26800;3;2;187600;18000;90000;5;PT.TUNAS MUDA;CDD STD;;;;? OK;? OK;? OK;0;;;;
;;;3064070791;CV PANDEAN BM;KULONPROGO;RANGE 2;26800;1;;26800;18000;18000;1;PT.TUNAS MUDA;CDD STD;;;;? OK;? OK;? OK;0;;;;
;;;3064070793;CV SHINTA MOTOR;KULONPROGO;RANGE 2;26800;1;1;80400;18000;36000;2;PT.TUNAS MUDA;CDD STD;;;;? OK;? OK;? OK;0;;;;
;;;3071329773;HSO;PURWOREJO;RANGE 2;26800;3;1;134000;18000;72000;4;PT.TUNAS MUDA;CDD STD;;;;? OK;? OK;? OK;0;;;;
13;;B 9881 UVY;3064070816;CV CENDANA PS;PURWOREJO;RANGE 2;26800;1;3;187600;18000;72000;4;PT.TUNAS MUDA;CDD STD;;;;? OK;? OK;? OK;0;;;;
14;46163;B 9908 UIO;3064071409;PT NUSANTARA SAKTI;PURWOREJO;RANGE 2;26800;1;;26800;18000;18000;1;PT.TUNAS MUDA;CDD STD;;;;? OK;? OK;? OK;0;;;;
;;;3064071421;CV SHINTA MOTOR;KULONPROGO;RANGE 2;26800;3;;80400;18000;54000;3;PT.TUNAS MUDA;CDD STD;;;;? OK;? OK;? OK;0;;;;
;;;3071330071;HSO;PURWOREJO;RANGE 2;26800;2;;53600;18000;36000;2;PT.TUNAS MUDA;CDD STD;;;;? OK;? OK;? OK;0;;;;
;;;3071330077;HSO;KULONPROGO;RANGE 2;26800;2;;53600;18000;36000;2;PT.TUNAS MUDA;CDD STD;;;;? OK;? OK;? OK;0;;;;
15;;B 9922 UIO;3064071392;PT ARMADA TUNAS JAYA;MAGELANG;RANGE 2;26800;;1;53600;18000;18000;1;PT.TUNAS MUDA;CDD STD;;;;? OK;? OK;? OK;0;;;;
;;;3064071395;PT NUSANTARA SAKTI;MAGELANG;RANGE 2;26800;1;1;80400;18000;36000;2;PT.TUNAS MUDA;CDD STD;;;;? OK;? OK;? OK;0;;;;
;;;3064071403;CV CENDANA MULIA;TEMANGGUNG;RANGE 2;26800;1;;26800;18000;18000;1;PT.TUNAS MUDA;CDD STD;;;;? OK;? OK;? OK;0;;;;
;;;3071330058;HSO;MAGELANG;RANGE 2;26800;7;;187600;18000;126000;7;PT.TUNAS MUDA;CDD STD;;;;? OK;? OK;? OK;0;;;;
;;;3071330060;HSO;MAGELANG 2;RANGE 2;26800;3;2;187600;18000;90000;5;PT.TUNAS MUDA;CDD STD;;;;? OK;? OK;? OK;0;;;;
16;46164;B 9923 UIO;3071330284;HSO;MAGELANG;RANGE 2;26800;4;;107200;18000;72000;4;PT.TUNAS MUDA;CDD STD;;;;? OK;? OK;? OK;0;;;;
;;;3071330285;HSO;MAGELANG 2;RANGE 2;26800;5;;134000;18000;90000;5;PT.TUNAS MUDA;CDD STD;;;;? OK;? OK;? OK;0;;;;
;;;3064071774;PT NUSANTARA SAKTI;MAGELANG;RANGE 2;26800;2;;53600;18000;36000;2;PT.TUNAS MUDA;CDD STD;;;;? OK;? OK;? OK;0;;;;
;;;3064071772;PT ARMADA TUNAS JAYA;MAGELANG;RANGE 2;26800;1;;26800;18000;18000;1;PT.TUNAS MUDA;CDD STD;;;;? OK;? OK;? OK;0;;;;
17;;B 9966 UIO;3064071773;PT ARMADA TUNAS JAYA;TEMANGGUNG;RANGE 2;26800;1;;26800;18000;18000;1;PT.TUNAS MUDA;CDD STD;;;;? OK;? OK;? OK;0;;;;
;;;3064071775;CV CENDANA MULIA;TEMANGGUNG;RANGE 2;26800;7;;187600;18000;126000;7;PT.TUNAS MUDA;CDD STD;;;;? OK;? OK;? OK;0;;;;
18;;B 9910 UIO;3064071779;CV CENDANA PS;PURWOREJO;RANGE 2;26800;1;2;134000;18000;54000;3;PT.TUNAS MUDA;CDD STD;;;;? OK;? OK;? OK;0;;;;
19;46165;B 9005 UVZ;3064072290;CV CENDANA MULIA;TEMANGGUNG;RANGE 2;26800;2;;53600;18000;36000;2;PT.TUNAS MUDA;CDD STD;;;;? OK;? OK;? OK;0;;;;
;;;3064072297;PT ARMADA TUNAS JAYA;TEMANGGUNG;RANGE 2;26800;1;;26800;18000;18000;1;PT.TUNAS MUDA;CDD STD;;;;? OK;? OK;? OK;0;;;;
;;;3064072295;PT TUNGGUL;TEMANGGUNG;RANGE 2;26800;1;;26800;18000;18000;1;PT.TUNAS MUDA;CDD STD;;;;? OK;? OK;? OK;0;;;;
;;;3071330568;HSO;MAGELANG;RANGE 2;26800;4;;107200;18000;72000;4;PT.TUNAS MUDA;CDD STD;;;;? OK;? OK;? OK;0;;;;
;;;3071330570;HSO;MAGELANG 2;RANGE 2;26800;9;;241200;18000;162000;9;PT.TUNAS MUDA;CDD STD;;;;? OK;? OK;? OK;0;;;;
20;;B 9967 UIO;3064072275;CV SHINTA MOTOR;KULONPROGO;RANGE 2;26800;2;;53600;18000;36000;2;PT.TUNAS MUDA;CDD STD;;;;? OK;? OK;? OK;0;;;;
;;;3064072285;CV CENDANA PS;PURWOREJO;RANGE 2;26800;4;;107200;18000;72000;4;PT.TUNAS MUDA;CDD STD;;;;? OK;? OK;? OK;0;;;;
;;;3071330511;HSO WATES;KULONPROGO;RANGE 2;26800;3;;80400;18000;54000;3;PT.TUNAS MUDA;CDD STD;;;;? OK;? OK;? OK;0;;;;
;;;3071330566;HSO;PURWOREJO;RANGE 2;26800;1;;26800;18000;18000;1;PT.TUNAS MUDA;CDD STD;;;;? OK;? OK;? OK;0;;;;
21;46167;B 9014 UVZ;3071330768;HSO;MAGELANG;RANGE 2;26800;7;;187600;18000;126000;7;PT.TUNAS MUDA;CDD STD;;;;? OK;? OK;? OK;0;;;;
22;;B 9967 UIO;3064072518;CV PANDEAN BM;KULONPROGO;RANGE 2;26800;6;;160800;18000;108000;6;PT.TUNAS MUDA;CDD STD;;;;? OK;? OK;? OK;0;;;;
;;;3064072523;CV SHINTA MOTOR;KULONPROGO;RANGE 2;26800;4;2;214400;18000;108000;6;PT.TUNAS MUDA;CDD STD;;;;? OK;? OK;? OK;0;;;;
;;;3071330696;HSO WATES;KULONPROGO;RANGE 2;26800;11;;294800;18000;198000;11;PT.TUNAS MUDA;CDD STD;;;;? OK;? OK;? OK;0;;;;
23;;B 9963 UIO;3064072648;PT ARMADA TUNAS JAYA;MAGELANG;RANGE 2;26800;6;;160800;18000;108000;6;PT.TUNAS MUDA;CDD STD;;;;? OK;? OK;? OK;0;;;;
;;;3064072653;PT ARMADA TUNAS JAYA;TEMANGGUNG;RANGE 2;26800;2;;53600;18000;36000;2;PT.TUNAS MUDA;CDD STD;;;;? OK;? OK;? OK;0;;;;
;;;3064072655;PT TUNGGUL;TEMANGGUNG;RANGE 2;26800;1;;26800;18000;18000;1;PT.TUNAS MUDA;CDD STD;;;;? OK;? OK;? OK;0;;;;
;;;3064072659;CV CENDANA MULIA;TEMANGGUNG;RANGE 2;26800;6;;160800;18000;108000;6;PT.TUNAS MUDA;CDD STD;;;;? OK;? OK;? OK;0;;;;
24;;B 9922 UIO;3071330767;HSO;MAGELANG;RANGE 2;26800;11;;294800;18000;198000;11;PT.TUNAS MUDA;CDD STD;;;;? OK;? OK;? OK;0;;;;
25;;B 9966 UIO;3064072664;PT NUSANTARA SAKTI;PURWOREJO;RANGE 2;26800;9;;241200;18000;162000;9;PT.TUNAS MUDA;CDD STD;;;;? OK;? OK;? OK;0;;;;
;;;3064072665;CV PANDEAN BM;PURWOREJO;RANGE 2;26800;2;;53600;18000;36000;2;PT.TUNAS MUDA;CDD STD;;;;? OK;? OK;? OK;0;;;;
;;;3064072667;CV CENDANA PS;PURWOREJO;RANGE 2;26800;5;2;241200;18000;126000;7;PT.TUNAS MUDA;CDD STD;;;;? OK;? OK;? OK;0;;;;
;;;3071330771;HSO;PURWOREJO;RANGE 2;26800;5;;134000;18000;90000;5;PT.TUNAS MUDA;CDD STD;;;;? OK;? OK;? OK;0;;;;
26;;B 9005 UVZ;3064072505;PT NUSANTARA SAKTI;WONOSARI;RANGE 2;26800;11;;294800;18000;198000;11;PT.TUNAS MUDA;CDD STD;;;;? OK;? OK;? OK;0;;;;
;;;3064072513;PT TUNAS JAYA;WONOSARI;RANGE 2;26800;2;1;107200;18000;54000;3;PT.TUNAS MUDA;CDD STD;;;;? OK;? OK;? OK;0;;;;
;;;3071330697;HSO;WONOSARI;RANGE 2;26800;5;;134000;18000;90000;5;PT.TUNAS MUDA;CDD STD;;;;? OK;? OK;? OK;0;;;;
27;46168;B 9966 UIO;3064072969;CV SHINTA MOTOR;KULONPROGO;RANGE 2;26800;3;2;187600;18000;90000;5;PT.TUNAS MUDA;CDD STD;;;;? OK;? OK;? OK;0;;;;
;;;3071330933;HSO WATES;KULONPROGO;RANGE 2;26800;10;;268000;18000;180000;10;PT.TUNAS MUDA;CDD STD;;;;? OK;? OK;? OK;0;;;;
28;;B 9963 UIO;3064073035;PT NUSANTARA SAKTI;PURWOREJO;RANGE 2;26800;7;1;241200;18000;144000;8;PT.TUNAS MUDA;CDD STD;;;;? OK;? OK;? OK;0;;;;
;;;3064073060;CV CENDANA PS;PURWOREJO;RANGE 2;26800;2;;53600;18000;36000;2;PT.TUNAS MUDA;CDD STD;;;;? OK;? OK;? OK;0;;;;
;;;3064073061;CV PANDEAN BM;PURWOREJO;RANGE 2;26800;2;;53600;18000;36000;2;PT.TUNAS MUDA;CDD STD;;;;? OK;? OK;? OK;0;;;;
29;46170;B 9910 UIO;3064073625;CV PANDEAN BM;PURWOREJO;RANGE 2;26800;1;;26800;18000;18000;1;PT.TUNAS MUDA;CDD STD;;;;? OK;? OK;? OK;0;;;;
;;;3064073500;CV PANDEAN BM;PURWOREJO;RANGE 2;26800;4;;107200;18000;72000;4;PT.TUNAS MUDA;CDD STD;;;;? OK;? OK;? OK;0;;;;
;;;3071331193;HSO;PURWOREJO;RANGE 2;26800;3;1;134000;18000;72000;4;PT.TUNAS MUDA;CDD STD;;;;? OK;? OK;? OK;0;;;;
;;;3071331174;HSO WATES;KULONPROGO;RANGE 2;26800;14;1;428800;18000;270000;15;PT.TUNAS MUDA;CDD STD;;;;? OK;? OK;? OK;0;;;;
30;;B 9014 UVZ;3064073491;PT ARMADA TUNAS JAYA;MAGELANG;RANGE 2;26800;5;1;187600;18000;108000;6;PT.TUNAS MUDA;CDD STD;;;;? OK;? OK;? OK;0;;;;
;;;3064073496;PT NUSANTARA SAKTI;MAGELANG;RANGE 2;26800;9;;241200;18000;162000;9;PT.TUNAS MUDA;CDD STD;;;;? OK;? OK;? OK;0;;;;
;;;3071331162;HSO;MAGELANG;RANGE 2;26800;3;;80400;18000;54000;3;PT.TUNAS MUDA;CDD STD;;;;? OK;? OK;? OK;0;;;;
31;;B 9960 UIO;3071331156;HSO;MAGELANG;RANGE 2;26800;21;;562800;18000;378000;21;PT.TUNAS MUDA;CDD STD;;;;? OK;? OK;? OK;0;;;;
32;;B 9923 UIO;3064073499;CV CENDANA PS;PURWOREJO;RANGE 2;26800;3;;80400;18000;54000;3;PT.TUNAS MUDA;CDD STD;;;;? OK;? OK;? OK;0;;;;
;;;3064073519;PT NUSANTARA SAKTI;PURWOREJO;RANGE 2;26800;14;;375200;18000;252000;14;PT.TUNAS MUDA;CDD STD;;;;? OK;? OK;? OK;0;;;;
;;;3064073522;CV SHINTA MOTOR;KULONPROGO;RANGE 2;26800;4;;107200;18000;72000;4;PT.TUNAS MUDA;CDD STD;;;;? OK;? OK;? OK;0;;;;
33;46171;B 9922 UIO;3064073987;CV SHINTA MOTOR;KULONPROGO;RANGE 2;26800;3;1;134000;18000;72000;4;PT.TUNAS MUDA;CDD STD;;;;? OK;? OK;? OK;0;;;;
;;;3064074069;PT NUSANTARA SAKTI;PURWOREJO;RANGE 2;26800;11;1;348400;18000;216000;12;PT.TUNAS MUDA;CDD STD;;;;? OK;? OK;? OK;0;;;;
;;;3064074070;CV PANDEAN BM;PURWOREJO;RANGE 2;26800;5;;134000;18000;90000;5;PT.TUNAS MUDA;CDD STD;;;;? OK;? OK;? OK;0;;;;
34;;B 9881 UVY;3064074123;PT ARMADA TUNAS JAYA;TEMANGGUNG;RANGE 2;26800;1;1;80400;18000;36000;2;PT.TUNAS MUDA;CDD STD;;;;? OK;? OK;? OK;0;;;;
;;;3064074125;PT ARMADA TUNAS JAYA;MAGELANG;RANGE 2;26800;9;;241200;18000;162000;9;PT.TUNAS MUDA;CDD STD;;;;? OK;? OK;? OK;0;;;;
;;;3064074130;CV CENDANA MULIA;TEMANGGUNG;RANGE 2;26800;3;1;134000;18000;72000;4;PT.TUNAS MUDA;CDD STD;;;;? OK;? OK;? OK;0;;;;
;;;3064074131;PT TUNGGUL;TEMANGGUNG;RANGE 2;26800;2;;53600;18000;36000;2;PT.TUNAS MUDA;CDD STD;;;;? OK;? OK;? OK;0;;;;
;;;3071331552;HSO;MAGELANG;RANGE 2;26800;6;;160800;18000;108000;6;PT.TUNAS MUDA;CDD STD;;;;? OK;? OK;? OK;0;;;;
35;;B 9963 UIO;3071331533;HSO WONOSARI;WONOSARI;RANGE 2;26800;6;2;268000;18000;144000;8;PT.TUNAS MUDA;CDD STD;;;;? OK;? OK;? OK;0;;;;
;;;3064074083;PT NUSANTARA SAKTI;WONOSARI;RANGE 2;26800;7;;187600;18000;126000;7;PT.TUNAS MUDA;CDD STD;;;;? OK;? OK;? OK;0;;;;
;;;3064074084;PT TUNAS JAYA;WONOSARI;RANGE 2;26800;3;;80400;18000;54000;3;PT.TUNAS MUDA;CDD STD;;;;? OK;? OK;? OK;0;;;;
;;;TOTAL;;;;;467;43;14820400;;9180000;510;;;;;;;;;;;;;
Perincian Range 2:;;;;;;;;;;;;;;;;;;;;;;;;;;
TYPE;;UNIT;TARIF;JUMLAH;;;;;;;;;;;;;;;;;;;;;;
REG;;467;26800;12515600;;;;;;;;;;;;;;;;;;;;;;
PCX/CBR;;43;53600;2304800;;;;;;;;;;;;;;;;;;;;;;
SUBSIDI;;510;18000;9180000;;;;;;;;;;;;;;;;;;;;;;
;;;TOTAL;24000400;;;;;;;;;;;;;;;;;;;;;;
;;;;;;;;;;;;;;;;;;;;;;;;;;
1;46158;B 9915 UVY;3071329009;HSO KEBUMEN 2;KEBUMEN;RANGE 3;42300;4;;169200;18000;72000;4;PT.TUNAS MUDA;CDD STD;;;;;;;;;;;
;;;3064069422;PT NUSANTARA SAKTI;KEBUMEN;RANGE 3;42300;7;;296100;18000;126000;7;PT.TUNAS MUDA;CDD STD;;;;;;;;;;;
2;;B 9923 UIO;3064069400;CV ABADI;PARAKAN;RANGE 3;42300;9;;380700;18000;162000;9;PT.TUNAS MUDA;CDD STD;;;;;;;;;;;
;;;3064069429;CV MARABUNTA SAKTI;WONOSOBO;RANGE 3;42300;3;;126900;18000;54000;3;PT.TUNAS MUDA;CDD STD;;;;;;;;;;;
;;;3071329018;HSO;WONOSOBO;RANGE 3;42300;7;1;380700;18000;144000;8;PT.TUNAS MUDA;CDD STD;;;;;;;;;;;
3;;B 9960 UIO;3064069426;PT ARMADA TUNAS JAYA;KUTOARJO;RANGE 3;42300;2;;84600;18000;36000;2;PT.TUNAS MUDA;CDD STD;;;;;;;;;;;
4;46160;B 9967 UIO;3071329236;HSO;BANJARNEGARA;RANGE 3;42300;5;4;549900;18000;162000;9;PT.TUNAS MUDA;CDD STD;;;;;;;;;;;
;;;3064069862;CV KOMPO MOTOR;WONOSOBO;RANGE 3;42300;6;1;338400;18000;126000;7;PT.TUNAS MUDA;CDD STD;;;;;;;;;;;
;;;3064069858;CV MARABUNTA SAKTI;WONOSOBO;RANGE 3;42300;7;;296100;18000;126000;7;PT.TUNAS MUDA;CDD STD;;;;;;;;;;;
5;;B 9966 UIO;3064069851;PT NUSANTARA SAKTI;KEBUMEN;RANGE 3;42300;6;3;507600;18000;162000;9;PT.TUNAS MUDA;CDD STD;;;;;;;;;;;
;;;3071329245;HSO;KEBUMEN;RANGE 3;42300;6;;253800;18000;108000;6;PT.TUNAS MUDA;CDD STD;;;;;;;;;;;
;;;3064069826;CV SANJAYA GEMILANG;SUMPIUH;RANGE 3;42300;2;;84600;18000;36000;2;PT.TUNAS MUDA;CDD STD;;;;;;;;;;;
6;;B 9005 UVZ;3071329242;HSO KEBUMEN 2;KEBUMEN;RANGE 3;42300;12;1;592200;18000;234000;13;PT.TUNAS MUDA;CDD STD;;;;;;;;;;;
;;;3064069856;CV TEGUH;GOMBONG;RANGE 3;42300;2;;84600;18000;36000;2;PT.TUNAS MUDA;CDD STD;;;;;;;;;;;
7;;B 9908 UIO;3064069842;PT ARMADA TUNAS JAYA;KUTOARJO;RANGE 3;42300;5;;211500;18000;90000;5;PT.TUNAS MUDA;CDD STD;;;;;;;;;;;
;;;3071329244;HSO;KEBUMEN;RANGE 3;42300;3;2;296100;18000;90000;5;PT.TUNAS MUDA;CDD STD;;;;;;;;;;;
8;;B 9014 UVZ;3071329247;HSO;KEBUMEN;RANGE 3;42300;2;;84600;18000;36000;2;PT.TUNAS MUDA;CDD STD;;;;;;;;;;;
;;;3064069848;CV CENDANA ML;KEBUMEN;RANGE 3;42300;11;1;549900;18000;216000;12;PT.TUNAS MUDA;CDD STD;;;;;;;;;;;
9;46161;B 9915 UVY;3064070395;PT ARMADA TUNAS JAYA;KUTOARJO;RANGE 3;42300;3;;126900;18000;54000;3;PT.TUNAS MUDA;CDD STD;;;;;;;;;;;
;;;3071329535;HSO KEBUMEN 2;KEBUMEN;RANGE 3;42300;4;;169200;18000;72000;4;PT.TUNAS MUDA;CDD STD;;;;;;;;;;;
10;;B 9910 UIO;3064070413;CV KOMPO MOTOR;BANJARNEGARA;RANGE 3;42300;2;;84600;18000;36000;2;PT.TUNAS MUDA;CDD STD;;;;;;;;;;;
;;;3064070414;CV KOMPO MOTOR;WONOSOBO;RANGE 3;42300;1;;42300;18000;18000;1;PT.TUNAS MUDA;CDD STD;;;;;;;;;;;
;;;3064070415;CV MARABUNTA SAKTI;WONOSOBO;RANGE 3;42300;5;;211500;18000;90000;5;PT.TUNAS MUDA;CDD STD;;;;;;;;;;;
;;;3064070416;CV ABADI;PARAKAN;RANGE 3;42300;2;;84600;18000;36000;2;PT.TUNAS MUDA;CDD STD;;;;;;;;;;;
;;;3064070420;PT TUNAS DWIPA;PARAKAN;RANGE 3;42300;2;;84600;18000;36000;2;PT.TUNAS MUDA;CDD STD;;;;;;;;;;;
;;;3071329541;HSO;BANJARNEGARA;RANGE 3;42300;2;;84600;18000;36000;2;PT.TUNAS MUDA;CDD STD;;;;;;;;;;;
;;;3071329546;HSO;WONOSOBO;RANGE 3;42300;3;1;211500;18000;72000;4;PT.TUNAS MUDA;CDD STD;;;;;;;;;;;
11;46162;B 9960 UIO;3064070824;CV KOMPO MOTOR;BANJARNEGARA;RANGE 3;42300;2;2;253800;18000;72000;4;PT.TUNAS MUDA;CDD STD;;;;;;;;;;;
;;;3064070839;CV KOMPO MOTOR;WONOSOBO;RANGE 3;42300;2;;84600;18000;36000;2;PT.TUNAS MUDA;CDD STD;;;;;;;;;;;
;;;3071329769;HSO;BANJARNEGARA;RANGE 3;42300;1;4;380700;18000;90000;5;PT.TUNAS MUDA;CDD STD;;;;;;;;;;;
;;;3071329780;HSO;WONOSOBO;RANGE 3;42300;2;2;253800;18000;72000;4;PT.TUNAS MUDA;CDD STD;;;;;;;;;;;
12;;B 9881 UVY;3064070831;PT ARMADA TUNAS JAYA;KUTOARJO;RANGE 3;42300;1;;42300;18000;18000;1;PT.TUNAS MUDA;CDD STD;;;;;;;;;;;
13;46163;B 9908 UIO;3064071373;CV SANJAYA GEMILANG;SUMPIUH;RANGE 3;42300;;1;84600;18000;18000;1;PT.TUNAS MUDA;CDD STD;;;;;;;;;;;
;;;3064071418;CV CENDANA ML;KEBUMEN;RANGE 3;42300;1;;42300;18000;18000;1;PT.TUNAS MUDA;CDD STD;;;;;;;;;;;
;;;3071330073;HSO;KEBUMEN;RANGE 3;42300;2;;84600;18000;36000;2;PT.TUNAS MUDA;CDD STD;;;;;;;;;;;
;;;3071330075;HSO KEBUMEN 2;KEBUMEN;RANGE 3;42300;1;;42300;18000;18000;1;PT.TUNAS MUDA;CDD STD;;;;;;;;;;;
14;;B 9922 UIO;3064071380;CV KOMPO MOTOR;BANJARNEGARA;RANGE 3;42300;1;;42300;18000;18000;1;PT.TUNAS MUDA;CDD STD;;;;;;;;;;;
;;;3064071400;CV ABADI;PARAKAN;RANGE 3;42300;1;;42300;18000;18000;1;PT.TUNAS MUDA;CDD STD;;;;;;;;;;;
;;;3064071405;PT TUNAS DWIPA;PARAKAN;RANGE 3;42300;1;1;126900;18000;36000;2;PT.TUNAS MUDA;CDD STD;;;;;;;;;;;
;;;3064071423;CV KOMPO MOTOR;WONOSOBO;RANGE 3;42300;1;;42300;18000;18000;1;PT.TUNAS MUDA;CDD STD;;;;;;;;;;;
;;;3064071427;CV MARABUNTA SAKTI;WONOSOBO;RANGE 3;42300;1;;42300;18000;18000;1;PT.TUNAS MUDA;CDD STD;;;;;;;;;;;
15;46164;B 9014 UVZ;3064071782;PT NUSANTARA SAKTI;KEBUMEN;RANGE 3;42300;1;;42300;18000;18000;1;PT.TUNAS MUDA;CDD STD;;;;;;;;;;;
;;;3071330308;HSO KEBUMEN 2;KEBUMEN;RANGE 3;42300;6;;253800;18000;108000;6;PT.TUNAS MUDA;CDD STD;;;;;;;;;;;
16;;B 9966 UIO;3064071752;CV ABADI;PARAKAN;RANGE 3;42300;2;;84600;18000;36000;2;PT.TUNAS MUDA;CDD STD;;;;;;;;;;;
;;;3064071764;CV KOMPO MOTOR;BANJARNEGARA;RANGE 3;42300;3;;126900;18000;54000;3;PT.TUNAS MUDA;CDD STD;;;;;;;;;;;
;;;3064071788;CV KOMPO MOTOR;WONOSOBO;RANGE 3;42300;1;1;126900;18000;36000;2;PT.TUNAS MUDA;CDD STD;;;;;;;;;;;
;;;3064071791;PT TUNAS DWIPA;PARAKAN;RANGE 3;42300;1;;42300;18000;18000;1;PT.TUNAS MUDA;CDD STD;;;;;;;;;;;
;;;3071330283;HSO;BANJARNEGARA;RANGE 3;42300;2;1;169200;18000;54000;3;PT.TUNAS MUDA;CDD STD;;;;;;;;;;;
;;;3071330309;HSO;WONOSOBO;RANGE 3;42300;4;1;253800;18000;90000;5;PT.TUNAS MUDA;CDD STD;;;;;;;;;;;
17;;B 9910 UIO;3064071786;PT ARMADA TUNAS JAYA;KUTOARJO;RANGE 3;42300;1;;42300;18000;18000;1;PT.TUNAS MUDA;CDD STD;;;;;;;;;;;
;;;3064071757;CV SANJAYA GEMILANG;SUMPIUH;RANGE 3;42300;2;1;169200;18000;54000;3;PT.TUNAS MUDA;CDD STD;;;;;;;;;;;
18;;B 9963 UIO;3064071964;CV CENDANA ML;KEBUMEN;RANGE 3;42300;5;1;296100;18000;108000;6;PT.TUNAS MUDA;CDD STD;;;;;;;;;;;
;;;3071330305;HSO;KEBUMEN;RANGE 3;42300;1;2;211500;18000;54000;3;PT.TUNAS MUDA;CDD STD;;;;;;;;;;;
19;46165;B 9005 UVZ;3064072280;CV KOMPO MOTOR;BANJARNEGARA;RANGE 3;42300;1;;42300;18000;18000;1;PT.TUNAS MUDA;CDD STD;;;;;;;;;;;
;;;3071330563;HSO;BANJARNEGARA;RANGE 3;42300;2;;84600;18000;36000;2;PT.TUNAS MUDA;CDD STD;;;;;;;;;;;
;;;3071330564;HSO;WONOSOBO;RANGE 3;42300;1;;42300;18000;18000;1;PT.TUNAS MUDA;CDD STD;;;;;;;;;;;
;;;3064072294;CV ABADI;PARAKAN;RANGE 3;42300;1;;42300;18000;18000;1;PT.TUNAS MUDA;CDD STD;;;;;;;;;;;
20;;B 9967 UIO;3071330565;HSO;KEBUMEN;RANGE 3;42300;1;;42300;18000;18000;1;PT.TUNAS MUDA;CDD STD;;;;;;;;;;;
;;;3064072338;CV CENDANA ML;KEBUMEN;RANGE 3;42300;1;;42300;18000;18000;1;PT.TUNAS MUDA;CDD STD;;;;;;;;;;;
21;46167;B 9915 UVY;3064072662;PT ARMADA TUNAS JAYA;KUTOARJO;RANGE 3;42300;2;;84600;18000;36000;2;PT.TUNAS MUDA;CDD STD;;;;;;;;;;;
22;;B 9881 UVY;3064072670;PT NUSANTARA SAKTI;KEBUMEN;RANGE 3;42300;6;;253800;18000;108000;6;PT.TUNAS MUDA;CDD STD;;;;;;;;;;;
23;;B 9014 UVZ;3071330765;HSO;BANJARNEGARA;RANGE 3;42300;10;2;592200;18000;216000;12;PT.TUNAS MUDA;CDD STD;;;;;;;;;;;
;;;3064072701;CV KOMPO MOTOR;WONOSOBO;RANGE 3;42300;3;;126900;18000;54000;3;PT.TUNAS MUDA;CDD STD;;;;;;;;;;;
24;;B 9908 UIO;3064072632;CV SANJAYA GEMILANG;SUMPIUH;RANGE 3;42300;2;;84600;18000;36000;2;PT.TUNAS MUDA;CDD STD;;;;;;;;;;;
;;;3064072680;CV CENDANA ML;KEBUMEN;RANGE 3;42300;3;;126900;18000;54000;3;PT.TUNAS MUDA;CDD STD;;;;;;;;;;;
;;;3071330784;HSO KEBUMEN 2;KEBUMEN;RANGE 3;42300;11;;465300;18000;198000;11;PT.TUNAS MUDA;CDD STD;;;;;;;;;;;
25;;B 9963 UIO;3064072661;PT TUNAS DWIPA;PARAKAN;RANGE 3;42300;4;;169200;18000;72000;4;PT.TUNAS MUDA;CDD STD;;;;;;;;;;;
;;;3064072657;CV ABADI;PARAKAN;RANGE 3;42300;3;1;211500;18000;72000;4;PT.TUNAS MUDA;CDD STD;;;;;;;;;;;
26;;B 9923 UIO;3064072643;CV KOMPO MOTOR;BANJARNEGARA;RANGE 3;42300;6;;253800;18000;108000;6;PT.TUNAS MUDA;CDD STD;;;;;;;;;;;
;;;3064072644;CV SANJAYA GEMILANG;BANJARNEGARA;RANGE 3;42300;6;1;338400;18000;126000;7;PT.TUNAS MUDA;CDD STD;;;;;;;;;;;
;;;3064072697;CV MARABUNTA SAKTI;WONOSOBO;RANGE 3;42300;1;1;126900;18000;36000;2;PT.TUNAS MUDA;CDD STD;;;;;;;;;;;
;;;3071330799;HSO;WONOSOBO;RANGE 3;42300;6;;253800;18000;108000;6;PT.TUNAS MUDA;CDD STD;;;;;;;;;;;
27;46168;B 9922 UIO;3064073017;CV SANJAYA GEMILANG;BANJARNEGARA;RANGE 3;42300;1;2;211500;18000;54000;3;PT.TUNAS MUDA;CDD STD;;;;;;;;;;;
;;;3064073022;CV KOMPO MOTOR;BANJARNEGARA;RANGE 3;42300;1;2;211500;18000;54000;3;PT.TUNAS MUDA;CDD STD;;;;;;;;;;;
;;;3064073031;CV MARABUNTA SAKTI;WONOSOBO;RANGE 3;42300;1;1;126900;18000;36000;2;PT.TUNAS MUDA;CDD STD;;;;;;;;;;;
;;;3071330950;HSO;BANJARNEGARA;RANGE 3;42300;4;4;507600;18000;144000;8;PT.TUNAS MUDA;CDD STD;;;;;;;;;;;
;;;3071330958;HSO;WONOSOBO;RANGE 3;42300;1;4;380700;18000;90000;5;PT.TUNAS MUDA;CDD STD;;;;;;;;;;;
28;;B 9005 UVZ;3064073038;CV TEGUH;GOMBONG;RANGE 3;42300;1;;42300;18000;18000;1;PT.TUNAS MUDA;CDD STD;;;;;;;;;;;
;;;3064073014;CV SANJAYA GEMILANG;SUMPIUH;RANGE 3;42300;;1;84600;18000;18000;1;PT.TUNAS MUDA;CDD STD;;;;;;;;;;;
29;;B 9963 UIO;3064073036;PT NUSANTARA SAKTI;KEBUMEN;RANGE 3;42300;;1;84600;18000;18000;1;PT.TUNAS MUDA;CDD STD;;;;;;;;;;;
;;;3064073058;CV CENDANA ML;KEBUMEN;RANGE 3;42300;3;;126900;18000;54000;3;PT.TUNAS MUDA;CDD STD;;;;;;;;;;;
30;;B 9881 UVY;3071330954;HSO;KEBUMEN;RANGE 3;42300;5;5;634500;18000;180000;10;PT.TUNAS MUDA;CDD STD;;;;;;;;;;;
;;;3071330955;HSO KEBUMEN 2;KEBUMEN;RANGE 3;42300;5;1;296100;18000;108000;6;PT.TUNAS MUDA;CDD STD;;;;;;;;;;;
31;46170;B 9014 UVZ;3064073477;CV ABADI;PARAKAN;RANGE 3;42300;4;;169200;18000;72000;4;PT.TUNAS MUDA;CDD STD;;;;;;;;;;;
;;;3064073515;PT TUNAS DWIPA;PARAKAN;RANGE 3;42300;1;;42300;18000;18000;1;PT.TUNAS MUDA;CDD STD;;;;;;;;;;;
32;;B 9966 UIO;3064073498;CV CENDANA ML;KEBUMEN;RANGE 3;42300;7;1;380700;18000;144000;8;PT.TUNAS MUDA;CDD STD;;;;;;;;;;;
;;;3071331194;HSO;KEBUMEN;RANGE 3;42300;5;1;296100;18000;108000;6;PT.TUNAS MUDA;CDD STD;;;;;;;;;;;
33;;B 9908 UIO;3064073541;PT NUSANTARA SAKTI;KEBUMEN;RANGE 3;42300;3;;126900;18000;54000;3;PT.TUNAS MUDA;CDD STD;;;;;;;;;;;
34;;B 9923 UIO;3064073494;PT ARMADA TUNAS JAYA;KUTOARJO;RANGE 3;42300;1;;42300;18000;18000;1;PT.TUNAS MUDA;CDD STD;;;;;;;;;;;
35;46171;B 9967 UIO;3071331497;HSO;KEBUMEN;RANGE 3;42300;8;;338400;18000;144000;8;PT.TUNAS MUDA;CDD STD;;;;;;;;;;;
;;;3064074007;CV SANJAYA GEMILANG;SUMPIUH;RANGE 3;42300;1;;42300;18000;18000;1;PT.TUNAS MUDA;CDD STD;;;;;;;;;;;
;;;3064074031;CV TEGUH;GOMBONG;RANGE 3;42300;1;;42300;18000;18000;1;PT.TUNAS MUDA;CDD STD;;;;;;;;;;;
36;;B 9922 UIO;3064074068;PT ARMADA TUNAS JAYA;KUTOARJO;RANGE 3;42300;1;;42300;18000;18000;1;PT.TUNAS MUDA;CDD STD;;;;;;;;;;;
37;;B 9960 UIO;3064074074;CV KOMPO MOTOR;BANJARNEGARA;RANGE 3;42300;7;;296100;18000;126000;7;PT.TUNAS MUDA;CDD STD;;;;;;;;;;;
;;;3064074075;CV SANJAYA GEMILANG;BANJARNEGARA;RANGE 3;42300;2;;84600;18000;36000;2;PT.TUNAS MUDA;CDD STD;;;;;;;;;;;
;;;3064074077;CV KOMPO MOTOR;WONOSOBO;RANGE 3;42300;3;;126900;18000;54000;3;PT.TUNAS MUDA;CDD STD;;;;;;;;;;;
;;;3064074078;CV MARABUNTA SAKTI;WONOSOBO;RANGE 3;42300;1;;42300;18000;18000;1;PT.TUNAS MUDA;CDD STD;;;;;;;;;;;
;;;3071331527;HSO;BANJARNEGARA;RANGE 3;42300;5;;211500;18000;90000;5;PT.TUNAS MUDA;CDD STD;;;;;;;;;;;
;;;3071331528;HSO;WONOSOBO;RANGE 3;42300;3;;126900;18000;54000;3;PT.TUNAS MUDA;CDD STD;;;;;;;;;;;
;;;;;;;;314;59;18273600;;6714000;373;;;;;;;;;;;;;
Perincian Range 3:;;;;;;;;;;;;;;;;;;;;;;;;;;
TYPE;;UNIT;TARIF;JUMLAH;;;;;;;;;;;;;;;;;;;;;;
REG;;314;42300;13282200;;;;;;;;;;;;;;;;;;;;;;
PCX/CBR;;59;84600;4991400;;;;;;;;;;;;;;;;;;;;;;
SUBSIDI;;373;18000;6714000;;;;;;;;;;;;;;;;;;;;;;
;;;TOTAL;24987600;;;;;;;;;;;;;;;;;;;;;;
;;;;;;;;;;;;;;;;;;;;;;;;;;
1;46158;B 9915 UVY;3064069413;PT NUSANTARA SAKTI;CILACAP;RANGE 4;47300;3;;141900;18000;54000;3;PT.TUNAS MUDA;CDD STD;;;;;;;;;;;
;;;3071329000;HSO;CILACAP;RANGE 4;47300;8;1;473000;18000;162000;9;PT.TUNAS MUDA;CDD STD;;;;;;;;;;;
2;46160;B 9966 UIO;3064069849;PT NETRAL JM;SIDAREJA;RANGE 4;47300;1;;47300;18000;18000;1;PT.TUNAS MUDA;CDD STD;;;;;;;;;;;
;;;3064069827;PT  NUSANTARA JAYA;WANGON;RANGE 4;47300;2;;94600;18000;36000;2;PT.TUNAS MUDA;CDD STD;;;;;;;;;;;
;;;3071329232;HSO;MAJENANG;RANGE 4;47300;2;;94600;18000;36000;2;PT.TUNAS MUDA;CDD STD;;;;;;;;;;;
3;;B 9005 UVZ;3064069821;PT  NUSANTARA JAYA;PURWOKERTO;RANGE 4;47300;3;;141900;18000;54000;3;PT.TUNAS MUDA;CDD STD;;;;;;;;;;;
;;;3064069822;CV SANJAYA GEMILANG;PURWOKERTO;RANGE 4;47300;2;;94600;18000;36000;2;PT.TUNAS MUDA;CDD STD;;;;;;;;;;;
;;;3064069834;CV OSAKA ;PURWOKERTO;RANGE 4;47300;1;;47300;18000;18000;1;PT.TUNAS MUDA;CDD STD;;;;;;;;;;;
4;;B 9922 UIO;3064069831;CV KOMPO MOTOR;PURBALINGGA;RANGE 4;47300;10;3;756800;18000;234000;13;PT.TUNAS MUDA;CDD STD;;;;;;;;;;;
;;;3064069818;CV KOMPO MOTOR;SOKARAJA;RANGE 4;47300;1;;47300;18000;18000;1;PT.TUNAS MUDA;CDD STD;;;;;;;;;;;
;;;3064069836;CV SURYA AM;SOKARAJA;RANGE 4;47300;8;;378400;18000;144000;8;PT.TUNAS MUDA;CDD STD;;;;;;;;;;;
5;;B 9923 UIO;3064069819;CV KOMPO MOTOR;AJIBARANG;RANGE 4;47300;3;;141900;18000;54000;3;PT.TUNAS MUDA;CDD STD;;;;;;;;;;;
;;;3064069839;PT SUMBER PS;AJIBARANG;RANGE 4;47300;3;;141900;18000;54000;3;PT.TUNAS MUDA;CDD STD;;;;;;;;;;;
;;;3064069838;PT NUSANTARA SAKTI;PURWOKERTO;RANGE 4;47300;9;2;614900;18000;198000;11;PT.TUNAS MUDA;CDD STD;;;;;;;;;;;
;;;3071329233;HSO;PURWOKERTO;RANGE 4;47300;4;;189200;18000;72000;4;PT.TUNAS MUDA;CDD STD;;;;;;;;;;;
6;;B 9960 UIO;3064069830;CV ANUGERAH UTAMA;PURBALINGGA;RANGE 4;47300;10;3;756800;18000;234000;13;PT.TUNAS MUDA;CDD STD;;;;;;;;;;;
;;;3071329235;HSO;PURBALINGGA;RANGE 4;47300;10;1;567600;18000;198000;11;PT.TUNAS MUDA;CDD STD;;;;;;;;;;;
7;;B 9014 UVZ;3064069837;PT NUSANTARA SAKTI;CILACAP;RANGE 4;47300;1;;47300;18000;18000;1;PT.TUNAS MUDA;CDD STD;;;;;;;;;;;
;;;3071329231;HSO;CILACAP;RANGE 4;47300;1;4;425700;18000;90000;5;PT.TUNAS MUDA;CDD STD;;;;;;;;;;;
;;;3064069833;CV KOMPO MOTOR;KROYA;RANGE 4;47300;2;;94600;18000;36000;2;PT.TUNAS MUDA;CDD STD;;;;;;;;;;;
8;46161;B 9915 UVY;3064070391;CV ANUGERAH UTAMA;PURBALINGGA;RANGE 4;47300;1;;47300;18000;18000;1;PT.TUNAS MUDA;CDD STD;;;;;;;;;;;
;;;3064070392;CV KOMPO MOTOR;PURBALINGGA;RANGE 4;47300;1;1;141900;18000;36000;2;PT.TUNAS MUDA;CDD STD;;;;;;;;;;;
;;;3071329534;HSO;PURBALINGGA;RANGE 4;47300;1;;47300;18000;18000;1;PT.TUNAS MUDA;CDD STD;;;;;;;;;;;
9;46162;B 9881 UVY;3064070817;CV KOMPO MOTOR;SOKARAJA;RANGE 4;47300;1;;47300;18000;18000;1;PT.TUNAS MUDA;CDD STD;;;;;;;;;;;
;;;3064070818;CV KOMPO MOTOR;AJIBARANG;RANGE 4;47300;;1;94600;18000;18000;1;PT.TUNAS MUDA;CDD STD;;;;;;;;;;;
;;;3064070821;CV SANJAYA GEMILANG;PURWOKERTO;RANGE 4;47300;3;1;236500;18000;72000;4;PT.TUNAS MUDA;CDD STD;;;;;;;;;;;
;;;3064070826;CV SURYA AM;SOKARAJA;RANGE 4;47300;1;;47300;18000;18000;1;PT.TUNAS MUDA;CDD STD;;;;;;;;;;;
;;;3064070827;PT NUSANTARA SAKTI;PURWOKERTO;RANGE 4;47300;1;2;236500;18000;54000;3;PT.TUNAS MUDA;CDD STD;;;;;;;;;;;
;;;3064070837;PT  NUSANTARA JAYA;PURWOKERTO;RANGE 4;47300;1;;47300;18000;18000;1;PT.TUNAS MUDA;CDD STD;;;;;;;;;;;
;;;3071329761;HSO;PURWOKERTO;RANGE 4;47300;3;2;331100;18000;90000;5;PT.TUNAS MUDA;CDD STD;;;;;;;;;;;
10;46163;B 9908 UIO;3064071376;PT NUSANTARA SAKTI;PURWOKERTO;RANGE 4;47300;1;;47300;18000;18000;1;PT.TUNAS MUDA;CDD STD;;;;;;;;;;;
;;;3064071377;PT  NUSANTARA JAYA;PURWOKERTO;RANGE 4;47300;1;;47300;18000;18000;1;PT.TUNAS MUDA;CDD STD;;;;;;;;;;;
;;;3064071379;CV SURYA AM;SOKARAJA;RANGE 4;47300;2;1;189200;18000;54000;3;PT.TUNAS MUDA;CDD STD;;;;;;;;;;;
;;;3071330054;HSO;PURWOKERTO;RANGE 4;47300;4;;189200;18000;72000;4;PT.TUNAS MUDA;CDD STD;;;;;;;;;;;
11;46164;B 9014 UVZ;3064071661;PT NETRAL JM;SIDAREJA;RANGE 4;47300;1;;47300;18000;18000;1;PT.TUNAS MUDA;CDD STD;;;;;;;;;;;
;;;3064071662;PT NETRAL JM;SIDAREJA;RANGE 4;47300;1;;47300;18000;18000;1;PT.TUNAS MUDA;CDD STD;;;;;;;;;;;
;;;3064071754;CV MEKAR CJ;MAJENANG;RANGE 4;47300;1;;47300;18000;18000;1;PT.TUNAS MUDA;CDD STD;;;;;;;;;;;
;;;3064071759;CV  SANJAYA MAKMUR;SIDAREJA;RANGE 4;47300;1;;47300;18000;18000;1;PT.TUNAS MUDA;CDD STD;;;;;;;;;;;
;;;3071330239;HSO;MAJENANG;RANGE 4;47300;1;1;141900;18000;36000;2;PT.TUNAS MUDA;CDD STD;;;;;;;;;;;
;;;3071330241;HSO;MAJENANG;RANGE 4;47300;1;;47300;18000;18000;1;PT.TUNAS MUDA;CDD STD;;;;;;;;;;;
;;;3071330271;HSO;MAJENANG;RANGE 4;47300;2;1;189200;18000;54000;3;PT.TUNAS MUDA;CDD STD;;;;;;;;;;;
;;;3064071663;PT  NUSANTARA JAYA;WANGON;RANGE 4;47300;2;;94600;18000;36000;2;PT.TUNAS MUDA;CDD STD;;;;;;;;;;;
;;;3064071781;PT NUSANTARA SAKTI;WANGON;RANGE 4;47300;2;;94600;18000;36000;2;PT.TUNAS MUDA;CDD STD;;;;;;;;;;;
12;;B 9910 UIO;3064071664;CV KOMPO MOTOR;PURBALINGGA;RANGE 4;47300;1;1;141900;18000;36000;2;PT.TUNAS MUDA;CDD STD;;;;;;;;;;;
;;;3064071763;CV KOMPO MOTOR;PURBALINGGA;RANGE 4;47300;3;4;520300;18000;126000;7;PT.TUNAS MUDA;CDD STD;;;;;;;;;;;
;;;3064071762;CV ANUGERAH UTAMA;PURBALINGGA;RANGE 4;47300;3;;141900;18000;54000;3;PT.TUNAS MUDA;CDD STD;;;;;;;;;;;
;;;3071330242;HSO;PURBALINGGA;RANGE 4;47300;2;;94600;18000;36000;2;PT.TUNAS MUDA;CDD STD;;;;;;;;;;;
13;;B 9963 UIO;3071330240;HSO;CILACAP;RANGE 4;47300;;1;94600;18000;18000;1;PT.TUNAS MUDA;CDD STD;;;;;;;;;;;
;;;3071330270;HSO;CILACAP;RANGE 4;47300;2;1;189200;18000;54000;3;PT.TUNAS MUDA;CDD STD;;;;;;;;;;;
;;;3064071765;CV KOMPO MOTOR;KROYA;RANGE 4;47300;2;1;189200;18000;54000;3;PT.TUNAS MUDA;CDD STD;;;;;;;;;;;
;;;3064071769;PT NUSANTARA SAKTI;CILACAP;RANGE 4;47300;4;1;283800;18000;90000;5;PT.TUNAS MUDA;CDD STD;;;;;;;;;;;
14;46167;B 9915 UVY;3064072465;CV SANJAYA GEMILANG;PURWOKERTO;RANGE 4;47300;1;;47300;18000;18000;1;PT.TUNAS MUDA;CDD STD;;;;;;;;;;;
;;;3064072631;CV SANJAYA GEMILANG;PURWOKERTO;RANGE 4;47300;2;;94600;18000;36000;2;PT.TUNAS MUDA;CDD STD;;;;;;;;;;;
;;;3064072633;PT NUSANTARA SAKTI;PURWOKERTO;RANGE 4;47300;9;3;709500;18000;216000;12;PT.TUNAS MUDA;CDD STD;;;;;;;;;;;
;;;3064072634;PT  NUSANTARA JAYA;PURWOKERTO;RANGE 4;47300;3;;141900;18000;54000;3;PT.TUNAS MUDA;CDD STD;;;;;;;;;;;
;;;3064072639;CV KOMPO MOTOR;SOKARAJA;RANGE 4;47300;1;1;141900;18000;36000;2;PT.TUNAS MUDA;CDD STD;;;;;;;;;;;
15;;B 9881 UVY;3064072637;CV SURYA AM;SOKARAJA;RANGE 4;47300;6;;283800;18000;108000;6;PT.TUNAS MUDA;CDD STD;;;;;;;;;;;
;;;3071330630;HSO;PURBALINGGA;RANGE 4;47300;2;;94600;18000;36000;2;PT.TUNAS MUDA;CDD STD;;;;;;;;;;;
;;;3071330763;HSO;PURBALINGGA;RANGE 4;47300;8;;378400;18000;144000;8;PT.TUNAS MUDA;CDD STD;;;;;;;;;;;
16;;B 9960 UIO;3064072636;PT SUMBER PS;AJIBARANG;RANGE 4;47300;2;2;283800;18000;72000;4;PT.TUNAS MUDA;CDD STD;;;;;;;;;;;
;;;3064072640;CV KOMPO MOTOR;AJIBARANG;RANGE 4;47300;1;1;141900;18000;36000;2;PT.TUNAS MUDA;CDD STD;;;;;;;;;;;
;;;3064072638;CV OSAKA ;PURWOKERTO;RANGE 4;47300;1;;47300;18000;18000;1;PT.TUNAS MUDA;CDD STD;;;;;;;;;;;
;;;3071330629;HSO;PURWOKERTO;RANGE 4;47300;1;;47300;18000;18000;1;PT.TUNAS MUDA;CDD STD;;;;;;;;;;;
;;;3071330759;HSO;PURWOKERTO;RANGE 4;47300;13;;614900;18000;234000;13;PT.TUNAS MUDA;CDD STD;;;;;;;;;;;
17;;B 9908 UIO;3064072468;PT NUSANTARA SAKTI;CILACAP;RANGE 4;47300;1;;47300;18000;18000;1;PT.TUNAS MUDA;CDD STD;;;;;;;;;;;
;;;3064072629;PT NUSANTARA SAKTI;CILACAP;RANGE 4;47300;4;;189200;18000;72000;4;PT.TUNAS MUDA;CDD STD;;;;;;;;;;;
18;46168;B 9967 UIO;3064073005;CV ANUGERAH UTAMA;PURBALINGGA;RANGE 4;47300;7;6;898700;18000;234000;13;PT.TUNAS MUDA;CDD STD;;;;;;;;;;;
;;;3064073006;CV KOMPO MOTOR;PURBALINGGA;RANGE 4;47300;3;6;709500;18000;162000;9;PT.TUNAS MUDA;CDD STD;;;;;;;;;;;
;;;3071330942;HSO;PURBALINGGA;RANGE 4;47300;1;;47300;18000;18000;1;PT.TUNAS MUDA;CDD STD;;;;;;;;;;;
19;;B 9005 UVZ;3071330937;HSO;CILACAP;RANGE 4;47300;8;2;567600;18000;180000;10;PT.TUNAS MUDA;CDD STD;;;;;;;;;;;
;;;3064073015;CV SANJAYA GEMILANG;CILACAP;RANGE 4;47300;1;1;141900;18000;36000;2;PT.TUNAS MUDA;CDD STD;;;;;;;;;;;
;;;3064073023;CV KOMPO MOTOR;KROYA;RANGE 4;47300;2;1;189200;18000;54000;3;PT.TUNAS MUDA;CDD STD;;;;;;;;;;;
;;;3064073028;PT NUSANTARA SAKTI;CILACAP;RANGE 4;47300;3;2;331100;18000;90000;5;PT.TUNAS MUDA;CDD STD;;;;;;;;;;;
20;;B 9963 UIO;3064073007;CV KOMPO MOTOR;SOKARAJA;RANGE 4;47300;1;;47300;18000;18000;1;PT.TUNAS MUDA;CDD STD;;;;;;;;;;;
;;;3064073026;CV SURYA AM;SOKARAJA;RANGE 4;47300;3;1;236500;18000;72000;4;PT.TUNAS MUDA;CDD STD;;;;;;;;;;;
21;;B 9881 UVY;3064073010;CV MEKAR CJ;MAJENANG;RANGE 4;47300;1;;47300;18000;18000;1;PT.TUNAS MUDA;CDD STD;;;;;;;;;;;
;;;3064073018;CV  SANJAYA MAKMUR;SIDAREJA;RANGE 4;47300;;1;94600;18000;18000;1;PT.TUNAS MUDA;CDD STD;;;;;;;;;;;
;;;3064073019;PT NETRAL JM;SIDAREJA;RANGE 4;47300;2;;94600;18000;36000;2;PT.TUNAS MUDA;CDD STD;;;;;;;;;;;
;;;3071330939;HSO;MAJENANG;RANGE 4;47300;3;;141900;18000;54000;3;PT.TUNAS MUDA;CDD STD;;;;;;;;;;;
22;46170;B 9966 UIO;3064073482;CV ANUGERAH UTAMA;PURBALINGGA;RANGE 4;47300;;2;189200;18000;36000;2;PT.TUNAS MUDA;CDD STD;;;;;;;;;;;
;;;3064073483;CV KOMPO MOTOR;PURBALINGGA;RANGE 4;47300;6;1;378400;18000;126000;7;PT.TUNAS MUDA;CDD STD;;;;;;;;;;;
23;;B 9915 UVY;3064073487;PT NUSANTARA SAKTI;CILACAP;RANGE 4;47300;5;;236500;18000;90000;5;PT.TUNAS MUDA;CDD STD;;;;;;;;;;;
;;;3064073485;CV KOMPO MOTOR;KROYA;RANGE 4;47300;6;;283800;18000;108000;6;PT.TUNAS MUDA;CDD STD;;;;;;;;;;;
;;;3064073503;CV SANJAYA GEMILANG;CILACAP;RANGE 4;47300;3;;141900;18000;54000;3;PT.TUNAS MUDA;CDD STD;;;;;;;;;;;
;;;3071331183;HSO;CILACAP;RANGE 4;47300;6;2;473000;18000;144000;8;PT.TUNAS MUDA;CDD STD;;;;;;;;;;;
24;;B 9908 UIO;3064073490;PT SUMBER PS;AJIBARANG;RANGE 4;47300;3;;141900;18000;54000;3;PT.TUNAS MUDA;CDD STD;;;;;;;;;;;
;;;3064073486;CV SURYA AM;SOKARAJA;RANGE 4;47300;2;;94600;18000;36000;2;PT.TUNAS MUDA;CDD STD;;;;;;;;;;;
;;;3064073489;PT NUSANTARA SAKTI;PURWOKERTO;RANGE 4;47300;6;;283800;18000;108000;6;PT.TUNAS MUDA;CDD STD;;;;;;;;;;;
;;;3064073508;CV SANJAYA GEMILANG;PURWOKERTO;RANGE 4;47300;1;;47300;18000;18000;1;PT.TUNAS MUDA;CDD STD;;;;;;;;;;;
;;;3064073513;PT  NUSANTARA JAYA;PURWOKERTO;RANGE 4;47300;3;;141900;18000;54000;3;PT.TUNAS MUDA;CDD STD;;;;;;;;;;;
;;;3064073538;CV KOMPO MOTOR;SOKARAJA;RANGE 4;47300;2;;94600;18000;36000;2;PT.TUNAS MUDA;CDD STD;;;;;;;;;;;
;;;3071331185;HSO;PURWOKERTO;RANGE 4;47300;1;1;141900;18000;36000;2;PT.TUNAS MUDA;CDD STD;;;;;;;;;;;
25;46171;B 9967 UIO;3064073994;CV  SANJAYA MAKMUR;SIDAREJA;RANGE 4;47300;3;;141900;18000;54000;3;PT.TUNAS MUDA;CDD STD;;;;;;;;;;;
;;;3064073997;PT NETRAL JM;SIDAREJA;RANGE 4;47300;4;1;283800;18000;90000;5;PT.TUNAS MUDA;CDD STD;;;;;;;;;;;
;;;3071331489;HSO;MAJENANG;RANGE 4;47300;2;2;283800;18000;72000;4;PT.TUNAS MUDA;CDD STD;;;;;;;;;;;
;;;;;;;;277;69;19629500;;6228000;346;;;;;;;;;;;;;
Perincian Range 4:;;;;;;;;;;;;;;;;;;;;;;;;;;
TYPE;;UNIT;TARIF;JUMLAH;;;;;;;;;;;;;;;;;;;;;;
REG;;277;47300;13102100;;;;;;;;;;;;;;;;;;;;;;
PCX/CBR;;69;94600;6527400;;;;;;;;;;;;;;;;;;;;;;
SUBSIDI;;346;18000;6228000;;;;;;;;;;;;;;;;;;;;;;
;;;TOTAL;25857500;;;;;;;;;;;;;;;;;;;;;;
;;;;;;;;;;;;;;;;;;;;;;;;;;
;;;;;;;;;;;;;;;;;;;;;;;;;;
;;;;Sub Total;;;;;;57799400;;26478000;;;;;;;;;;;;;;
;;;;;;;;;;;;;;;;;;;;;;;;;;
;;;;Grand Total;;;;;;;;84277400;;;;;;;;;;;;;;
;;;;;;;;;;;;;;;;;;;;;;;;;;
;;;;;;;;;;;;;;;;;;;;;;;;;;
;RANGE;UNIT REG;UNIT PCX/CBR;JUMLAH;;;;;;;;;;;;;;;;;;;;;;
;RANGE 1;221;21;5075900;;;;;;;;;;;;;;;;;;;;;;
;RANGE 2;467;43;14820400;;;;;;;;;;;;;;;;;;;;;;
;RANGE 3;314;59;18273600;;;;;;;;;;;;;;;;;;;;;;
;RANGE 4;277;69;19629500;;;;;;;;;;;;;;;;;;;;;;
;SUBSIDI;;;26478000;;;;;;;;;;;;;;;;;;;;;;
;TOTAL;1279;192;84277400;;;;;;;;;;;;;;;;;;;;;;
;;;;;;;;;;;;;;;;;;;;;;;;;;
;;;;;;;;;;;;;;;;;;;;;;;;;;
;;Terima dari;;PT ASTRA INTERNATIONAL Tbk - HSO Yogyakarta;;;;;;;;;;;;;;;;;;;;;;
;;Terbilang;; Delapan Puluh Empat Juta Dua Ratus Tujuh Puluh Tujuh Ribu Empat Ratus Rupiah;;;;;;;;;;;;;;;;;;;;;;
;;Keterangan;;Biaya kirim HSO Yogyakarta GD.YOGYAKARTA - Dealer sebanyak ;;;;;;1471;unit;;;;;;;;;;;;;;;
;;;;;;;;;;;;;;;;;;;;;;;;;;
;;;;;;;;;;;;;;;;;;;;;;;;;;
;;Invoice dibayarkan ke;;;;;;;;;;;;;;;;;;;;;;;;
;;Nama Rekening;;PT TUNAS MUDA;;;;;;;;;;;;;;;;;;;;;;
;;Bank;;BANK PERMATA;;;;;;;;;;;;;;;;;;;;;;
;;No. Rek;;070.1278445;;;;;;;;;;;;;;;;;;;;;;
;;;;;;;;;;;;;;;;;;;;;;;;;;
;;;;;;;;;;;;;;;;;;;;;;;;;;
;;;Hormat kami,;;;;;;;;;;;;;;;;;;;;;;;
;;;;;;;;;;;;;;;;;;;;;;;;;;
;;;;;;;;;;;;;;;;;;;;;;;;;;
;;;;;;;;;;;;;;;;;;;;;;;;;;
;;;;;;;;;;;;;;;;;;;;;;;;;;
;;;;;;;;;;;;;;;;;;;;;;;;;;
;;;;;;;;;;;;;;;;;;;;;;;;;;
;;;;;;;;;;;;;;;;;;;;;;;;;;
;;;;;;;;;;;;;;;;;;;;;;;;;;
;;;Verawaty;;;;;;;;;;;;;;;;;;;;;;;
;;;Finance Manager;;;;;;;;;;;;;;;;;;;;;;;
;;;;;;;;;;;;;;;;;;;;;;;;;;
;;;;;;;;;;;;;;;;;;;;;;;;;;
;;;Catatan:;;;;;;;;;;;;;;;;;;;;;;;
;;;1;Invoice ini berlaku sebagai kuitansi / bukti pembayaran.;;;;;;;;;;;;;;;;;;;;;;
;;;2;Mohon mencantumkan Nomor Invoice saat melakukan pembayaran.;;;;;;;;;;;;;;;;;;;;;;
;;;3;Segala ketidaksesuaian atas Invoice ini hanya dapat kami layani maksimal 14 hari kalendar sejak Invoice ini diterbitkan.;;;;;;;;;;;;;;;;;;;;;;
;;;4;Jika ada tertera, jasa ini merupakan objek pemotongan PPh Pasal 23.  Mohon bukti pembayaran dan bukti potong PPh Pasal 23 a.n. PT Tunas Muda (NPWP: 002.504.322.5-043.000) diemail ke  kohar@tunasmuda.co.id  atau WA ke nomor: 081211888588 dalam waktu 30 hari.;;;;;;;;;;;;;;;;;;;;;;
;;;;;;;;;;;;;;;;;;;;;;;;;;
;;;5;Kami tidak menerima pembayaran Tunai/Giro/Cek.;;;;;;;;;;;;;;;;;;;;;;
;;;;;;;;;;;;;;;;;;;;;;;;;;
